<?xml version="1.0" encoding="UTF-8"?>
<tasks>
  <task>
    <title>Finish chores</title>
    <description>Clean up</description>
    <duedate>20191001</duedate>
    <priority>5</priority>
    <notes>Basic note for task</notes>
    <checklist>
      <checkitem>Check 1</checkitem>
      <checkitem>Check 2</checkitem>
      <checkitem>Check 3</checkitem>
    </checklist>
    <completed>false</completed>
  </task>
  <task>
    <title>Study</title>
    <description>Test next week</description>
    <duedate>20191001</duedate>
    <priority>5</priority>
    <notes>Basic note for task</notes>
    <checklist>
      <checkitem>Check 1</checkitem>
      <checkitem>Check 2</checkitem>
      <checkitem>Check 3</checkitem>
    </checklist>
    <completed>false</completed>
  </task>
  <task>
    <title>Water plants</title>
    <description>200ml</description>
    <duedate>20191001</duedate>
    <priority>5</priority>
    <notes>Basic note for task</notes>
    <checklist>
      <checkitem>Check 1</checkitem>
      <checkitem>Check 2</checkitem>
      <checkitem>Check 3</checkitem>
    </checklist>
    <completed>false</completed>
  </task>
  <task>
    <title>Feed animals</title>
    <description>Dogs and cats</description>
    <duedate>20191001</duedate>
    <priority>5</priority>
    <notes>Basic note for task</notes>
    <checklist>
      <checkitem>Check 1</checkitem>
      <checkitem>Check 2</checkitem>
      <checkitem>Check 3</checkitem>
    </checklist>
    <completed>false</completed>
  </task>
  <task>
    <title>Complete project</title>
    <description>Need research paper</description>
    <duedate>20191001</duedate>
    <priority>5</priority>
    <notes>Basic note for task</notes>
    <checklist>
      <checkitem>Check 1</checkitem>
      <checkitem>Check 2</checkitem>
      <checkitem>Check 3</checkitem>
    </checklist>
    <completed>false</completed>
  </task>
</tasks>